ProductID,ProductName,KeyFeatures
1,Appliance1,Wireless connectivity;Long battery life
2,Widget2,Energy-saving mode;Eco-friendly materials
3,Widget3,Breakthrough technology;Ultra-fast processing
4,Gizmo4,High durability;Low maintenance
5,Gadget5,Energy-saving mode;Eco-friendly materials
6,Tool6,High-definition;Waterproof
7,Gadget7,Wireless connectivity;Long battery life
8,Tool8,Advanced security;User-friendly interface
9,Tool9,Multi-purpose;Ergonomic design
10,Appliance10,Compact size;Energy efficient
11,Gizmo11,Advanced security;User-friendly interface
12,Equipment12,Wireless connectivity;Long battery life
13,Equipment13,Breakthrough technology;Ultra-fast processing
14,Widget14,High durability;Low maintenance
15,Machine15,High durability;Low maintenance
16,Equipment16,Energy-saving mode;Eco-friendly materials
17,Widget17,Compact size;Energy efficient
18,Device18,Advanced security;User-friendly interface
19,Machine19,Advanced security;User-friendly interface
20,Device20,High-definition;Waterproof
21,Tool21,Energy-saving mode;Eco-friendly materials
22,Gadget22,Energy-saving mode;Eco-friendly materials
23,Tool23,Advanced security;User-friendly interface
24,Gadget24,Energy-saving mode;Eco-friendly materials
25,Device25,Compact size;Energy efficient
26,Machine26,High durability;Low maintenance
27,Device27,Multi-purpose;Ergonomic design
28,Gadget28,Multi-purpose;Ergonomic design
29,Gadget29,High-definition;Waterproof
30,Gizmo30,Breakthrough technology;Ultra-fast processing
31,Widget31,Multi-purpose;Ergonomic design
32,Machine32,Compact size;Energy efficient
33,Widget33,Breakthrough technology;Ultra-fast processing
34,Widget34,High durability;Low maintenance
35,Gadget35,Advanced security;User-friendly interface
36,Machine36,Breakthrough technology;Ultra-fast processing
37,Equipment37,Energy-saving mode;Eco-friendly materials
38,Gadget38,High durability;Low maintenance
39,Device39,Advanced security;User-friendly interface
40,Equipment40,Wireless connectivity;Long battery life
41,Appliance41,Energy-saving mode;Eco-friendly materials
42,Device42,Wireless connectivity;Long battery life
43,Tool43,Wireless connectivity;Long battery life
44,Equipment44,Multi-purpose;Ergonomic design
45,Appliance45,Wireless connectivity;Long battery life
46,Equipment46,Energy-saving mode;Eco-friendly materials
47,Machine47,Multi-purpose;Ergonomic design
48,Device48,Wireless connectivity;Long battery life
49,Widget49,Compact size;Energy efficient
50,Gizmo50,Energy-saving mode;Eco-friendly materials
51,Appliance51,High-definition;Waterproof
